<?xml version='1.0' encoding='utf-8'?>
<epcraTier2Dataset xmlns="https://cameo.noaa.gov/epcra_tier2/data_standard/v1" version="1.0.0"><dataset reportyear="2019"><facility recordid="1731681132534x520435924012105700"><facilityName>Mapalo's Chemist</facilityName><streetAddress><street>29 Katyetye</street><city>Kitwe</city><state>Copperbelt</state><zipcode>10101</zipcode></streetAddress><mailingAddress><street>DummyStreet</street><city>DummyCity</city><state>DummyState</state><zipcode>00000</zipcode><country>DummyCountry</country></mailingAddress><county>DummyCounty</county><fireDistrict>Firestation 1</fireDistrict><latLong><latitude>0.0</latitude><longitude>0.0</longitude></latLong><department>Chemical Department</department><notes>Just some random notes</notes><sitePlanAttached>true</sitePlanAttached><siteCoordAbbrevAttached>false</siteCoordAbbrevAttached><dikeDescriptionAttached>true</dikeDescriptionAttached><facilityInfoSameAsLastYear>false</facilityInfoSameAsLastYear><nameAndTitleOfCertifier>Bukata</nameAndTitleOfCertifier><dateSigned>2024-11-04T22:00:00.000Z</dateSigned><feesTotal>100.0</feesTotal><LEPC>5</LEPC><contactIds /><phone recordid="Chemical Department"><phoneNumber>Chemical Department</phoneNumber><phoneType>Mobile</phoneType></phone><manned>false</manned><maxNumOccupants>10</maxNumOccupants><subjectToChemAccidentPrevention>true</subjectToChemAccidentPrevention><subjectToEmergencyPlanning>true</subjectToEmergencyPlanning><facilityIds><facilityId recordid="DummyRecordID" type="NAICS"><id>123456</id><description>DummyDescription</description></facilityId></facilityIds><stateFields><stateField required="true"><label>DummyLabel</label><t2sFieldname>DummyFieldName</t2sFieldname><data>DummyData</data></stateField></stateFields><chemicals><chemical recordid="1731681132534x520435924012105700"><chemName>Chlorine</chemName><casNumber>54</casNumber><ehs>true</ehs><pure>true</pure><mixture>false</mixture><solid>false</solid><liquid>false</liquid><gas>false</gas><hazards><hazard><category>DummyHazardCategory</category><value>false</value></hazard></hazards><storageLocations><storageLocation recordid="1731681132534x520435924012105700"><locationDescription>DummyLocation</locationDescription><storageType>DummyStorageType</storageType><pressure>DummyPressure</pressure><temperature>DummyTemperature</temperature><amount>0</amount><unit>DummyUnit</unit></storageLocation></storageLocations><mixtureComponents><mixtureComponent><componentName>DummyComponent</componentName><casNumber>000-00-0</casNumber><ehs>false</ehs><maxAmountCode>00</maxAmountCode><componentPercentage>0.0</componentPercentage><weightOrVolume>DummyWeightOrVolume</weightOrVolume></mixtureComponent></mixtureComponents></chemical></chemicals><contacts><contact recordid="2000-01-01"><firstName>DummyFirstName</firstName><lastName>DummyLastName</lastName><title>DummyTitle</title><email>dummy@example.com</email><mailingAddress><street>DummyStreet</street><city>DummyCity</city><state>DummyState</state><zipcode>00000</zipcode><country>DummyCountry</country></mailingAddress><contactTypes><contactType>DummyContactType</contactType></contactTypes><phones><phone><phoneNumber>000-000-0000</phoneNumber><phoneType>DummyType</phoneType></phone></phones><lastModified>2000-01-01</lastModified></contact></contacts></facility></dataset></epcraTier2Dataset>