<?xml version='1.0' encoding='utf-8'?>
<epcraTier2Dataset xmlns="https://cameo.noaa.gov/epcra_tier2/data_standard/v1" version="1.0.0"><dataset reportyear="2019"><facility recordid="FATR20196YVD7R002I2E"><facilityName>Green Valley Water Facility</facilityName><streetAddress><street>123 First Avenue</street><city>Colchester</city><state>VT</state><zipcode>05408</zipcode></streetAddress><mailingAddress><street>7600 Henderson Way</street><city>Burlington</city><state>VT</state><zipcode>05406</zipcode><country>USA</country></mailingAddress><county>Chittenden</county><fireDistrict>Fire Station 2</fireDistrict><latLong><latitude>44.554437</latitude><longitude>-73.167142</longitude></latLong><department>Chlorination Division</department><notes>Site plans attached for overall plan (GRENVAL1.JPG) and chlorination building (GRENVAL2.JPG)</notes><sitePlanAttached>true</sitePlanAttached><siteCoordAbbrevAttached>false</siteCoordAbbrevAttached><dikeDescriptionAttached>false</dikeDescriptionAttached><facilityInfoSameAsLastYear>false</facilityInfoSameAsLastYear><nameAndTitleOfCertifier>Debra Monaco, President</nameAndTitleOfCertifier><dateSigned>2020-01-13</dateSigned><feesTotal>30.0</feesTotal><LEPC>LEPC 4</LEPC><contactIds><contactId>CTTR2019999P0U00QUKZ</contactId><contactId>CTTR201930YLWV006ALB</contactId><contactId>CTTR2019999P6F00XPQ6</contactId></contactIds><phone recordid="802-111-1111"><phoneNumber>802-111-1111</phoneNumber><phoneType>24-hour</phoneType></phone><manned>true</manned><maxNumOccupants>18</maxNumOccupants><subjectToChemAccidentPrevention>true</subjectToChemAccidentPrevention><subjectToEmergencyPlanning>false</subjectToEmergencyPlanning><facilityIds><facilityId recordid="FDTR20196YVD7R003I2W" type="NAICS"><id>221310</id><description>Water Supply and Irrigation Systems</description></facilityId><facilityId recordid="FDTR20196YVD7R004I3C" type="D-U-N-S"><id>123456789</id></facilityId></facilityIds><stateFields><stateField required="true"><label>Ships via Tank Trucks</label><t2sFieldname>State02Checkbox</t2sFieldname><data>true</data></stateField><stateField required="true"><label>Shipment Frequency Period</label><t2sFieldname>State02Text</t2sFieldname><data>Month</data></stateField></stateFields><chemicals><chemical recordid="FATR20196YVD7R002I2E"><chemName>Chlorine</chemName><casNumber>7782-50-5</casNumber><ehs>true</ehs><pure>true</pure><mixture>false</mixture><solid>false</solid><liquid>true</liquid><gas>true</gas><hazards><hazard><category>Explosive</category><value>false</value></hazard><hazard><category>Oxidizer (liquid, solid or gas)</category><value>true</value></hazard><hazard><category>Serious eye damage or eye irritation</category><value>true</value></hazard></hazards><storageLocations><storageLocation recordid="FATR20196YVD7R002I2E"><locationDescription>Chlorination building</locationDescription><storageType>Tank inside building</storageType><pressure>Greater than ambient pressure</pressure><temperature>Ambient temperature</temperature><amount>20000</amount><unit>pounds</unit></storageLocation></storageLocations></chemical><chemical recordid="FATR20196YVD7R002I2E"><chemName>Fluorosilic Acid</chemName><casNumber>16961-83-4</casNumber><ehs>false</ehs><pure>false</pure><mixture>true</mixture><solid>false</solid><liquid>true</liquid><gas>false</gas><hazards><hazard><category>Explosive</category><value>false</value></hazard><hazard><category>Hazard Not Otherwise Classified</category><value>true</value></hazard></hazards><storageLocations><storageLocation recordid="FATR20196YVD7R002I2E"><locationDescription>Secondary clarifier</locationDescription><storageType>Above ground tank</storageType><pressure>Ambient pressure</pressure><temperature>Ambient temperature</temperature><amount>45000</amount><unit>pounds</unit></storageLocation></storageLocations><mixtureComponents><mixtureComponent><componentName>Hydrofluorosilic Acid</componentName><casNumber>7664-39-3</casNumber><ehs>false</ehs><maxAmountCode>02</maxAmountCode><componentPercentage>1.0</componentPercentage><weightOrVolume>weight</weightOrVolume></mixtureComponent><mixtureComponent><componentName>Water</componentName><casNumber /><ehs>false</ehs><maxAmountCode /><componentPercentage>75.0</componentPercentage><weightOrVolume>weight</weightOrVolume></mixtureComponent></mixtureComponents></chemical></chemicals><contacts><contact recordid="2018-12-11"><firstName>Debra</firstName><lastName>Monaco</lastName><title>President</title><email>dmonaco@greenvalley.com</email><mailingAddress><street>7600 Henderson Way</street><city>Somewhere</city><state>VT</state><zipcode>05406</zipcode><country>USA</country></mailingAddress><contactTypes><contactType>Owner / Operator</contactType></contactTypes><phones><phone><phoneNumber>802-333-3333</phoneNumber><phoneType>Work</phoneType></phone></phones><lastModified>2018-12-11</lastModified></contact><contact recordid="2018-12-11"><firstName>Vincent</firstName><lastName>Martinez</lastName><title>Assistant Manager</title><email>vmartinez@greenvalley.com</email><mailingAddress><street>7600 Henderson Way</street><city>Somewhere</city><state>VT</state><zipcode>05406</zipcode><country>USA</country></mailingAddress><contactTypes><contactType>Tier II Information Contact</contactType></contactTypes><phones><phone><phoneNumber>802-222-2222</phoneNumber><phoneType>Work</phoneType></phone></phones><lastModified>2018-12-11</lastModified></contact></contacts></facility></dataset></epcraTier2Dataset>